Sorszam;Termek_Neve;Ar
1;Hummingbird Printed T-Shirt;€19.12
2;Hummingbird Printed Sweater;€28.72
3;The Best Is Yet To Come'...;€29.00
4;The Adventure Begins Framed...;€29.00
5;Today Is A Good Day Framed...;€29.00
6;Mug The Best Is Yet To Come;€11.90
7;Mug The Adventure Begins;€11.90
8;Mug Today Is A Good Day;€11.90
9;Hummingbird Printed Sweater;€28.72
10;Hummingbird Printed T-Shirt;€19.12
11;Hummingbird Printed T-Shirt;€19.12
12;Hummingbird Printed Sweater;€28.72
13;The Best Is Yet To Come'...;€29.00
14;The Adventure Begins Framed...;€29.00
15;Today Is A Good Day Framed...;€29.00
16;Mountain Fox Cushion;€18.90
17;Brown Bear Cushion;€18.90
18;Hummingbird Cushion;€18.90
